artist,attack,background,cardClass,cardCode,cardEffect,cardId,cardRace,cardRarity,cardSet,cardType,code,consume,cost,createTime,description,durability,gain,golden,health,id,ids,imageUrl,keywords,name,neutralClass,standard,updateTime
artist,attack,background,cardClass,cardCode,cardEffect,cardId,cardRace,cardRarity,cardSet,cardType,code,consume,cost,createTime,description,durability,gain,golden,health,id,ids,imageUrl,keywords,name,neutralClass,standard,updateTime
artist,attack,background,cardClass,cardCode,cardEffect,cardId,cardRace,cardRarity,cardSet,cardType,code,consume,cost,createTime,description,durability,gain,golden,health,id,ids,imageUrl,keywords,name,neutralClass,standard,updateTime
artist,attack,background,cardClass,cardCode,cardEffect,cardId,cardRace,cardRarity,cardSet,cardType,code,consume,cost,createTime,description,durability,gain,golden,health,id,ids,imageUrl,keywords,name,neutralClass,standard,updateTime
artist,attack,background,cardClass,cardCode,cardEffect,cardId,cardRace,cardRarity,cardSet,cardType,code,consume,cost,createTime,description,durability,gain,golden,health,id,ids,imageUrl,keywords,name,neutralClass,standard,updateTime
artist,attack,background,cardClass,cardCode,cardEffect,cardId,cardRace,cardRarity,cardSet,cardType,code,consume,cost,createTime,description,durability,gain,golden,health,id,ids,imageUrl,keywords,name,neutralClass,standard,updateTime
artist,attack,background,cardClass,cardCode,cardEffect,cardId,cardRace,cardRarity,cardSet,cardType,code,consume,cost,createTime,description,durability,gain,golden,health,id,ids,imageUrl,keywords,name,neutralClass,standard,updateTime
artist,attack,background,cardClass,cardCode,cardEffect,cardId,cardRace,cardRarity,cardSet,cardType,code,consume,cost,createTime,description,durability,gain,golden,health,id,ids,imageUrl,keywords,name,neutralClass,standard,updateTime
artist,attack,background,cardClass,cardCode,cardEffect,cardId,cardRace,cardRarity,cardSet,cardType,code,consume,cost,createTime,description,durability,gain,golden,health,id,ids,imageUrl,keywords,name,neutralClass,standard,updateTime
artist,attack,background,cardClass,cardCode,cardEffect,cardId,cardRace,cardRarity,cardSet,cardType,code,consume,cost,createTime,description,durability,gain,golden,health,id,ids,imageUrl,keywords,name,neutralClass,standard,updateTime
artist,attack,background,cardClass,cardCode,cardEffect,cardId,cardRace,cardRarity,cardSet,cardType,code,consume,cost,createTime,description,durability,gain,golden,health,id,ids,imageUrl,keywords,name,neutralClass,standard,updateTime
artist,attack,background,cardClass,cardCode,cardEffect,cardId,cardRace,cardRarity,cardSet,cardType,code,consume,cost,createTime,description,durability,gain,golden,health,id,ids,imageUrl,keywords,name,neutralClass,standard,updateTime
artist,attack,background,cardClass,cardCode,cardEffect,cardId,cardRace,cardRarity,cardSet,cardType,code,consume,cost,createTime,description,durability,gain,golden,health,id,ids,imageUrl,keywords,name,neutralClass,standard,updateTime
artist,attack,background,cardClass,cardCode,cardEffect,cardId,cardRace,cardRarity,cardSet,cardType,code,consume,cost,createTime,description,durability,gain,golden,health,id,ids,imageUrl,keywords,name,neutralClass,standard,updateTime
artist,attack,background,cardClass,cardCode,cardEffect,cardId,cardRace,cardRarity,cardSet,cardType,code,consume,cost,createTime,description,durability,gain,golden,health,id,ids,imageUrl,keywords,name,neutralClass,standard,updateTime
artist,attack,background,cardClass,cardCode,cardEffect,cardId,cardRace,cardRarity,cardSet,cardType,code,consume,cost,createTime,description,durability,gain,golden,health,id,ids,imageUrl,keywords,name,neutralClass,standard,updateTime
